"USER","ACTION","APPLICATION","STATE","TIMESTAMP"
"parvinder.singh","login","SASLogon","success","2020-11-24T01:01:15.087Z"
"sas.identities","update","authorization","success","2020-11-24T22:43:49.859Z"
"sas.notifications","update","authorization","success","2020-11-24T22:46:23.953Z"
"sas.reports","read","authorization","failure","2020-11-24T22:46:46.608Z"
"sas.reports","read","authorization","failure","2020-11-24T22:46:46.681Z"
"shuling.chen","login","SASLogon","success","2020-11-25T00:02:50.179Z"
"parvinder.singh","SessionDestroyed","SASLogon","success","2020-11-19T00:54:06.054Z"
"parvinder.singh","login","SASLogon","success","2020-11-19T01:01:09.454Z"
"stewart.boiteux","login","SASLogon","success","2020-11-19T04:59:45.873Z"
"stewart.boiteux","login","SASLogon","success","2020-11-19T05:02:31.661Z"
"sas.identities","update","authorization","success","2020-11-19T21:53:24.741Z"
"sas.templates","update","authorization","success","2020-11-19T21:57:01.252Z"
"sas.templates","delete","authorization","success","2020-11-19T21:57:01.736Z"
"sas.jobExecution","read","authorization","failure","2020-11-19T21:57:06.535Z"
"sas.notifications","update","authorization","success","2020-11-19T21:57:12.032Z"
"sas.notifications","update","authorization","success","2020-11-19T21:57:12.082Z"
"sas.reports","update","authorization","success","2020-11-19T21:57:26.065Z"
"sas.reports","read","authorization","failure","2020-11-19T21:57:26.661Z"
"tyagim","login","SASLogon","success","2020-11-24T03:20:52.983Z"
"sas.folders","update","authorization","success","2020-11-24T22:43:46.699Z"
"sas.templates","update","authorization","success","2020-11-24T22:46:15.098Z"
"sas.templates","delete","authorization","success","2020-11-24T22:46:15.617Z"
"sas.jobExecution","read","authorization","failure","2020-11-24T22:46:19.793Z"
"sas.reportTemplates","update","authorization","success","2020-11-24T22:46:54.094Z"
"sas.reportTemplates","delete","authorization","success","2020-11-24T22:46:54.182Z"
"sas.reportTemplates","read","authorization","failure","2020-11-24T22:46:54.236Z"
"sas.reportTemplates","read","authorization","failure","2020-11-24T22:46:54.278Z"
"sas.reportTemplates","read","authorization","failure","2020-11-24T22:46:54.332Z"
"sas.reportTemplates","read","authorization","failure","2020-11-24T22:46:54.373Z"
"sas.reportTemplates","read","authorization","failure","2020-11-24T22:46:54.419Z"
"parvinder.singh","login","SASLogon","success","2020-11-25T01:01:09.777Z"
"sas.identities","update","authorization","success","2020-11-25T22:18:48.486Z"
"sasboot","login","SASLogon","success","2020-11-19T01:32:47.321Z"
"manan.tyagi","SessionDestroyed","SASLogon","success","2020-11-19T05:00:17.118Z"
"tyagim","login","SASLogon","success","2020-11-19T05:00:33.397Z"
"sas.folders","update","authorization","success","2020-11-19T21:54:42.390Z"
"tyagim","update","authorization","success","2020-11-20T02:10:54.261Z"
"tyagim","update","authorization","success","2020-11-20T02:11:25.463Z"
"tyagim","update","authorization","success","2020-11-20T02:12:02.782Z"
"tyagim","update","authorization","success","2020-11-20T02:12:28.091Z"
"testuser","SessionDestroyed","SASLogon","success","2020-11-20T02:12:51.979Z"
"testuser","login","SASLogon","success","2020-11-20T02:12:59.446Z"
"sas.identities","update","authorization","success","2020-11-22T22:06:59.549Z"
"sas.jobExecution","read","authorization","failure","2020-11-22T22:10:13.372Z"
"sas.notifications","update","authorization","success","2020-11-22T22:10:17.842Z"
"sas.reportRenderer","read","authorization","failure","2020-11-22T22:10:47.067Z"
"sas.reports","read","authorization","failure","2020-11-22T22:10:47.906Z"
"sas.reportTemplates","delete","authorization","success","2020-11-22T22:10:50.620Z"
"Shuling.Chen@facs.nsw.gov.au","login","SASLogon","failure","2020-11-24T03:57:23.242Z"
"shuling.chen","login","SASLogon","success","2020-11-24T03:57:33.757Z"
