"USER","ACTION","APPLICATION","STATE","TIMESTAMP"
"srikanth.kumar","SessionDestroyed","SASLogon","success","2020-10-14T00:06:22.356Z"
"ankit.darji","login","SASLogon","success","2020-10-14T00:25:47.983Z"
"ankit.darji","SessionDestroyed","SASLogon","success","2020-10-14T01:21:22.464Z"
"sas.identities","update","authorization","success","2020-10-14T22:49:35.618Z"
"sas.templates","update","authorization","success","2020-10-14T22:53:10.822Z"
"sas.templates","delete","authorization","success","2020-10-14T22:53:11.373Z"
"sas.notifications","update","authorization","success","2020-10-14T22:53:21.789Z"
"sas.notifications","update","authorization","success","2020-10-14T22:53:21.812Z"
"srikanth.kumar","login","SASLogon","success","2020-10-14T03:18:45.824Z"
"sas.folders","update","authorization","success","2020-10-14T22:50:48.713Z"
"clare.ringland","SessionDestroyed","SASLogon","success","2020-10-16T02:19:25.823Z"
"joe.chiu","login","SASLogon","success","2020-10-16T02:53:32.195Z"
"parvinder.singh","login","SASLogon","success","2020-10-16T02:54:47.636Z"
"parvinder.singh","login","SASLogon","success","2020-10-16T02:59:24.380Z"
"sas.identities","update","authorization","success","2020-10-18T23:42:27.811Z"
"sas.templates","update","authorization","success","2020-10-18T23:44:10.816Z"
"sas.templates","delete","authorization","success","2020-10-18T23:44:11.253Z"
"sas.notifications","update","authorization","success","2020-10-18T23:44:19.876Z"
"sas.reports","delete","authorization","success","2020-10-18T23:44:41.592Z"
"sas.reportAlerts","update","authorization","success","2020-10-18T23:45:07.832Z"
"sas.reportAlerts","delete","authorization","success","2020-10-18T23:45:07.958Z"
"sas.reportImages","update","authorization","success","2020-10-18T23:45:23.220Z"
"sas.reportImages","delete","authorization","success","2020-10-18T23:45:23.334Z"
"sas.reportTransforms","update","authorization","success","2020-10-18T23:45:37.068Z"
"sas.reportTransforms","delete","authorization","success","2020-10-18T23:45:37.179Z"
"joe.chiu","login","SASLogon","success","2020-10-14T03:38:24.280Z"
"srikanth.kumar","SessionDestroyed","SASLogon","success","2020-10-14T03:57:22.640Z"
"sas.notifications","update","authorization","success","2020-10-14T22:53:21.828Z"
"sas.reports","update","authorization","success","2020-10-14T22:53:43.686Z"
"sas.reports","delete","authorization","success","2020-10-14T22:53:43.949Z"
"sas.reportTemplates","update","authorization","success","2020-10-14T22:53:53.763Z"
"sas.reportTemplates","delete","authorization","success","2020-10-14T22:53:53.902Z"
"sas.reportAlerts","update","authorization","success","2020-10-14T22:54:08.233Z"
"sas.reportAlerts","delete","authorization","success","2020-10-14T22:54:08.348Z"
"sas.reportTransforms","update","authorization","success","2020-10-14T22:54:42.459Z"
"sas.reportTransforms","delete","authorization","success","2020-10-14T22:54:42.557Z"
"sas.reportImages","update","authorization","success","2020-10-14T22:54:23.501Z"
"sas.reportImages","delete","authorization","success","2020-10-14T22:54:23.647Z"
"parvinder.singh","login","SASLogon","success","2020-10-16T03:09:53.138Z"
"sas.folders","update","authorization","success","2020-10-18T23:41:44.793Z"
"sas.notifications","update","authorization","success","2020-10-18T23:44:19.891Z"
"sas.analyticsLocalization","update","authorization","success","2020-10-14T22:59:15.616Z"
"sas.analyticsLocalization","update","authorization","success","2020-10-14T22:59:15.778Z"
"sas.dataTables","update","authorization","success","2020-10-14T22:59:37.381Z"
"sas.analyticsComponents","update","authorization","success","2020-10-14T23:00:14.448Z"
"sas.analyticsComponents","update","authorization","success","2020-10-14T23:00:14.491Z"
"sas.analyticsComponents","update","authorization","success","2020-10-14T23:00:14.546Z"
"sas.analyticsComponents","update","authorization","success","2020-10-14T23:00:14.593Z"
"sas.analyticsComponents","update","authorization","success","2020-10-14T23:00:14.642Z"
"sas.analyticsComponents","update","authorization","success","2020-10-14T23:00:14.687Z"
