{
    "accept": "application/vnd.sas.audit.entry.resource application/vnd.sas.audit.entry.security",
    "count": 7466,
    "items": [
        {
            "action": "SessionDestroyed",
            "application": "SASLogon",
            "httpContext": {},
            "id": "e3158dbd-3bc0-45c9-a6c5-c0ae63221957",
            "links": [
                {
                    "href": "/audit/entries/e3158dbd-3bc0-45c9-a6c5-c0ae63221957",
                    "method": "GET",
                    "rel": "self",
                    "type": "application/vnd.sas.audit.entry.security",
                    "uri": "/audit/entries/e3158dbd-3bc0-45c9-a6c5-c0ae63221957"
                }
            ],
            "remoteAddress": "10.71.10.7",
            "state": "success",
            "timeStamp": "2020-10-21T00:48:03.925Z",
            "type": "security",
            "user": "parvinder.singh",
            "version": 2
        },
        {
            "action": "login",
            "application": "SASLogon",
            "httpContext": {},
            "id": "8536d7a8-56b5-4c83-b72d-539d232e00c5",
            "links": [
                {
                    "href": "/audit/entries/8536d7a8-56b5-4c83-b72d-539d232e00c5",
                    "method": "GET",
                    "rel": "self",
                    "type": "application/vnd.sas.audit.entry.security",
                    "uri": "/audit/entries/8536d7a8-56b5-4c83-b72d-539d232e00c5"
                }
            ],
            "remoteAddress": "10.71.10.7",
            "state": "success",
            "timeStamp": "2020-10-21T00:48:17.615Z",
            "type": "security",
            "user": "parvinder.singh",
            "version": 2
        },
        {
            "action": "login",
            "application": "SASLogon",
            "httpContext": {},
            "id": "847308c3-fac3-4a72-80f5-865fb374bbb5",
            "links": [
                {
                    "href": "/audit/entries/847308c3-fac3-4a72-80f5-865fb374bbb5",
                    "method": "GET",
                    "rel": "self",
                    "type": "application/vnd.sas.audit.entry.security",
                    "uri": "/audit/entries/847308c3-fac3-4a72-80f5-865fb374bbb5"
                }
            ],
            "remoteAddress": "10.71.10.5",
            "state": "success",
            "timeStamp": "2020-10-20T01:01:10.196Z",
            "type": "security",
            "user": "parvinder.singh",
            "version": 2
        },
        {
            "action": "login",
            "application": "SASLogon",
            "httpContext": {},
            "id": "291965d2-1d95-4119-9def-b663d06efa77",
            "links": [
                {
                    "href": "/audit/entries/291965d2-1d95-4119-9def-b663d06efa77",
                    "method": "GET",
                    "rel": "self",
                    "type": "application/vnd.sas.audit.entry.security",
                    "uri": "/audit/entries/291965d2-1d95-4119-9def-b663d06efa77"
                }
            ],
            "remoteAddress": "10.71.10.5",
            "state": "success",
            "timeStamp": "2020-10-20T04:21:10.482Z",
            "type": "security",
            "user": "parvinder.singh",
            "version": 2
        },
        {
            "action": "login",
            "application": "SASLogon",
            "httpContext": {},
            "id": "9c13befa-f9d6-475e-ad03-0f757362901d",
            "links": [
                {
                    "href": "/audit/entries/9c13befa-f9d6-475e-ad03-0f757362901d",
                    "method": "GET",
                    "rel": "self",
                    "type": "application/vnd.sas.audit.entry.security",
                    "uri": "/audit/entries/9c13befa-f9d6-475e-ad03-0f757362901d"
                }
            ],
            "remoteAddress": "10.71.10.5",
            "state": "success",
            "timeStamp": "2020-10-20T04:36:30.081Z",
            "type": "security",
            "user": "parvinder.singh",
            "version": 2
        },
        {
            "action": "login",
            "application": "SASLogon",
            "httpContext": {},
            "id": "b82b7807-1110-4307-9f24-4251a7f2faae",
            "links": [
                {
                    "href": "/audit/entries/b82b7807-1110-4307-9f24-4251a7f2faae",
                    "method": "GET",
                    "rel": "self",
                    "type": "application/vnd.sas.audit.entry.security",
                    "uri": "/audit/entries/b82b7807-1110-4307-9f24-4251a7f2faae"
                }
            ],
            "remoteAddress": "10.71.10.5",
            "state": "success",
            "timeStamp": "2020-10-20T04:37:41.800Z",
            "type": "security",
            "user": "parvinder.singh",
            "version": 2
        },
        {
            "action": "login",
            "application": "SASLogon",
            "httpContext": {},
            "id": "d71c89c3-79aa-4b50-93b6-08d487e52715",
            "links": [
                {
                    "href": "/audit/entries/d71c89c3-79aa-4b50-93b6-08d487e52715",
                    "method": "GET",
                    "rel": "self",
                    "type": "application/vnd.sas.audit.entry.security",
                    "uri": "/audit/entries/d71c89c3-79aa-4b50-93b6-08d487e52715"
                }
            ],
            "remoteAddress": "10.71.10.5",
            "state": "success",
            "timeStamp": "2020-10-20T04:43:44.622Z",
            "type": "security",
            "user": "parvinder.singh",
            "version": 2
        },
        {
            "action": "login",
            "application": "SASLogon",
            "httpContext": {},
            "id": "6991e252-37be-403c-a390-86223745687f",
            "links": [
                {
                    "href": "/audit/entries/6991e252-37be-403c-a390-86223745687f",
                    "method": "GET",
                    "rel": "self",
                    "type": "application/vnd.sas.audit.entry.security",
                    "uri": "/audit/entries/6991e252-37be-403c-a390-86223745687f"
                }
            ],
            "remoteAddress": "10.71.10.5",
            "state": "success",
            "timeStamp": "2020-10-20T04:44:18.419Z",
            "type": "security",
            "user": "parvinder.singh",
            "version": 2
        },
        {
            "action": "login",
            "application": "SASLogon",
            "httpContext": {},
            "id": "235c7e80-a2e8-4594-a6f4-0bb954820da6",
            "links": [
                {
                    "href": "/audit/entries/235c7e80-a2e8-4594-a6f4-0bb954820da6",
                    "method": "GET",
                    "rel": "self",
                    "type": "application/vnd.sas.audit.entry.security",
                    "uri": "/audit/entries/235c7e80-a2e8-4594-a6f4-0bb954820da6"
                }
            ],
            "remoteAddress": "10.71.10.5",
            "state": "success",
            "timeStamp": "2020-10-20T04:44:31.185Z",
            "type": "security",
            "user": "parvinder.singh",
            "version": 2
        },
        {
            "action": "login",
            "application": "SASLogon",
            "httpContext": {},
            "id": "55da7d0e-197a-482e-bf88-1ddf266f2e5f",
            "links": [
                {
                    "href": "/audit/entries/55da7d0e-197a-482e-bf88-1ddf266f2e5f",
                    "method": "GET",
                    "rel": "self",
                    "type": "application/vnd.sas.audit.entry.security",
                    "uri": "/audit/entries/55da7d0e-197a-482e-bf88-1ddf266f2e5f"
                }
            ],
            "remoteAddress": "10.71.10.5",
            "state": "success",
            "timeStamp": "2020-10-20T04:45:10.337Z",
            "type": "security",
            "user": "parvinder.singh",
            "version": 2
        },
        {
            "action": "login",
            "application": "SASLogon",
            "httpContext": {},
            "id": "59e6a0b4-8873-4b6b-ba5d-141ae7fb4000",
            "links": [
                {
                    "href": "/audit/entries/59e6a0b4-8873-4b6b-ba5d-141ae7fb4000",
                    "method": "GET",
                    "rel": "self",
                    "type": "application/vnd.sas.audit.entry.security",
                    "uri": "/audit/entries/59e6a0b4-8873-4b6b-ba5d-141ae7fb4000"
                }
            ],
            "remoteAddress": "10.71.10.5",
            "state": "success",
            "timeStamp": "2020-10-20T04:46:03.266Z",
            "type": "security",
            "user": "parvinder.singh",
            "version": 2
        },
        {
            "action": "login",
            "application": "SASLogon",
            "httpContext": {},
            "id": "d9b107e6-e8e7-4984-932c-8a533711886f",
            "links": [
                {
                    "href": "/audit/entries/d9b107e6-e8e7-4984-932c-8a533711886f",
                    "method": "GET",
                    "rel": "self",
                    "type": "application/vnd.sas.audit.entry.security",
                    "uri": "/audit/entries/d9b107e6-e8e7-4984-932c-8a533711886f"
                }
            ],
            "remoteAddress": "10.71.10.5",
            "state": "success",
            "timeStamp": "2020-10-20T04:47:56.958Z",
            "type": "security",
            "user": "parvinder.singh",
            "version": 2
        },
        {
            "action": "update",
            "application": "authorization",
            "description": "Authorization rule access",
            "httpContext": {},
            "id": "aa67c34c-c573-4728-8f16-e74ba82ff50f",
            "links": [
                {
                    "href": "/audit/entries/aa67c34c-c573-4728-8f16-e74ba82ff50f",
                    "method": "GET",
                    "rel": "self",
                    "type": "application/vnd.sas.audit.entry.security",
                    "uri": "/audit/entries/aa67c34c-c573-4728-8f16-e74ba82ff50f"
                }
            ],
            "properties": {
                "id": "fb1280ea-8253-493c-a57c-90db7f9ac360",
                "objectUri": "/identities/groups/**",
                "permissions": "remove,create,delete",
                "principal": "sasapp",
                "principalType": "group",
                "type": "GRANT"
            },
            "remoteAddress": "10.71.70.8",
            "state": "success",
            "timeStamp": "2020-10-20T22:22:06.087Z",
            "type": "security",
            "user": "sas.identities",
            "version": 2
        },
        {
            "action": "update",
            "application": "authorization",
            "description": "Authorization rule access",
            "httpContext": {},
            "id": "e35da24c-12e5-46dd-9110-17b44ad63cd8",
            "links": [
                {
                    "href": "/audit/entries/e35da24c-12e5-46dd-9110-17b44ad63cd8",
                    "method": "GET",
                    "rel": "self",
                    "type": "application/vnd.sas.audit.entry.security",
                    "uri": "/audit/entries/e35da24c-12e5-46dd-9110-17b44ad63cd8"
                }
            ],
            "properties": {
                "id": "1dc8f345-0cf6-422a-b1d8-58ef6f4d402e",
                "objectUri": "/notifications/subscriptions",
                "permissions": "create",
                "principalType": "authenticatedUsers",
                "type": "GRANT"
            },
            "remoteAddress": "10.71.70.8",
            "state": "success",
            "timeStamp": "2020-10-20T22:24:45.403Z",
            "type": "security",
            "user": "sas.notifications",
            "version": 2
        },
        {
            "action": "update",
            "application": "authorization",
            "description": "Authorization rule access",
            "httpContext": {},
            "id": "298519b5-9ac6-40c9-8229-995dfce09753",
            "links": [
                {
                    "href": "/audit/entries/298519b5-9ac6-40c9-8229-995dfce09753",
                    "method": "GET",
                    "rel": "self",
                    "type": "application/vnd.sas.audit.entry.security",
                    "uri": "/audit/entries/298519b5-9ac6-40c9-8229-995dfce09753"
                }
            ],
            "properties": {
                "id": "efde549f-a6e1-4c44-8852-2cd8d71a817e",
                "objectUri": "/reportAlerts/**",
                "permissions": "update,remove,read,create,add,delete,secure",
                "principalType": "authenticatedUsers",
                "type": "GRANT"
            },
            "remoteAddress": "10.71.70.8",
            "state": "success",
            "timeStamp": "2020-10-20T22:25:05.361Z",
            "type": "security",
            "user": "sas.reports",
            "version": 2
        },
        {
            "action": "delete",
            "application": "authorization",
            "description": "Authorization rule access",
            "httpContext": {},
            "id": "74225450-82e5-4827-9982-b92f9401487d",
            "links": [
                {
                    "href": "/audit/entries/74225450-82e5-4827-9982-b92f9401487d",
                    "method": "GET",
                    "rel": "self",
                    "type": "application/vnd.sas.audit.entry.security",
                    "uri": "/audit/entries/74225450-82e5-4827-9982-b92f9401487d"
                }
            ],
            "properties": {
                "id": "efde549f-a6e1-4c44-8852-2cd8d71a817e"
            },
            "remoteAddress": "10.71.70.8",
            "state": "success",
            "timeStamp": "2020-10-20T22:25:05.748Z",
            "type": "security",
            "user": "sas.reports",
            "version": 2
        },
        {
            "action": "read",
            "application": "authorization",
            "description": "Authorization rule access",
            "httpContext": {},
            "id": "2e5043fd-a9e3-4305-a72b-6b2fbc2f5de3",
            "links": [
                {
                    "href": "/audit/entries/2e5043fd-a9e3-4305-a72b-6b2fbc2f5de3",
                    "method": "GET",
                    "rel": "self",
                    "type": "application/vnd.sas.audit.entry.security",
                    "uri": "/audit/entries/2e5043fd-a9e3-4305-a72b-6b2fbc2f5de3"
                }
            ],
            "properties": {
                "errorCode": "12600",
                "errorMessage": "Invalid 'test' operation. A valid ID must be specified in the path or representation."
            },
            "remoteAddress": "10.71.70.8",
            "state": "failure",
            "timeStamp": "2020-10-20T22:25:05.858Z",
            "type": "security",
            "user": "sas.reports",
            "version": 2
        },
        {
            "action": "read",
            "application": "authorization",
            "description": "Authorization rule access",
            "httpContext": {},
            "id": "1a2ccee8-dec0-4679-8000-5a46668fa9ca",
            "links": [
                {
                    "href": "/audit/entries/1a2ccee8-dec0-4679-8000-5a46668fa9ca",
                    "method": "GET",
                    "rel": "self",
                    "type": "application/vnd.sas.audit.entry.security",
                    "uri": "/audit/entries/1a2ccee8-dec0-4679-8000-5a46668fa9ca"
                }
            ],
            "properties": {
                "errorCode": "12600",
                "errorMessage": "Invalid 'test' operation. A valid ID must be specified in the path or representation."
            },
            "remoteAddress": "10.71.70.8",
            "state": "failure",
            "timeStamp": "2020-10-20T22:25:05.908Z",
            "type": "security",
            "user": "sas.reports",
            "version": 2
        },
        {
            "action": "read",
            "application": "authorization",
            "description": "Authorization rule access",
            "httpContext": {},
            "id": "2a7833b7-3b33-44d0-b909-e11067fedb26",
            "links": [
                {
                    "href": "/audit/entries/2a7833b7-3b33-44d0-b909-e11067fedb26",
                    "method": "GET",
                    "rel": "self",
                    "type": "application/vnd.sas.audit.entry.security",
                    "uri": "/audit/entries/2a7833b7-3b33-44d0-b909-e11067fedb26"
                }
            ],
            "properties": {
                "errorCode": "12600",
                "errorMessage": "Invalid 'test' operation. A valid ID must be specified in the path or representation."
            },
            "remoteAddress": "10.71.70.8",
            "state": "failure",
            "timeStamp": "2020-10-20T22:25:06.009Z",
            "type": "security",
            "user": "sas.reports",
            "version": 2
        },
        {
            "action": "read",
            "application": "authorization",
            "description": "Authorization rule access",
            "httpContext": {},
            "id": "0be95241-0ea5-4aa7-89e4-f29562934375",
            "links": [
                {
                    "href": "/audit/entries/0be95241-0ea5-4aa7-89e4-f29562934375",
                    "method": "GET",
                    "rel": "self",
                    "type": "application/vnd.sas.audit.entry.security",
                    "uri": "/audit/entries/0be95241-0ea5-4aa7-89e4-f29562934375"
                }
            ],
            "properties": {
                "errorCode": "12600",
                "errorMessage": "Invalid 'test' operation. A valid ID must be specified in the path or representation."
            },
            "remoteAddress": "10.71.70.8",
            "state": "failure",
            "timeStamp": "2020-10-20T22:25:06.139Z",
            "type": "security",
            "user": "sas.reports",
            "version": 2
        },
        {
            "action": "update",
            "application": "authorization",
            "description": "Authorization rule access",
            "httpContext": {},
            "id": "3226e206-d592-48fa-945d-bc8a73b220b7",
            "links": [
                {
                    "href": "/audit/entries/3226e206-d592-48fa-945d-bc8a73b220b7",
                    "method": "GET",
                    "rel": "self",
                    "type": "application/vnd.sas.audit.entry.security",
                    "uri": "/audit/entries/3226e206-d592-48fa-945d-bc8a73b220b7"
                }
            ],
            "properties": {
                "id": "efde549f-a6e1-4c44-8852-2cd8d71a817e",
                "objectUri": "/reportAlerts/**",
                "permissions": "update,remove,read,create,add,delete,secure",
                "principalType": "authenticatedUsers",
                "type": "GRANT"
            },
            "remoteAddress": "10.71.70.8",
            "state": "success",
            "timeStamp": "2020-10-20T22:25:16.974Z",
            "type": "security",
            "user": "sas.reportTemplates",
            "version": 2
        },
        {
            "action": "update",
            "application": "authorization",
            "description": "Authorization rule access",
            "httpContext": {},
            "id": "f46bf5d5-bd3e-40fe-8a53-062c6e327929",
            "links": [
                {
                    "href": "/audit/entries/f46bf5d5-bd3e-40fe-8a53-062c6e327929",
                    "method": "GET",
                    "rel": "self",
                    "type": "application/vnd.sas.audit.entry.security",
                    "uri": "/audit/entries/f46bf5d5-bd3e-40fe-8a53-062c6e327929"
                }
            ],
            "properties": {
                "id": "802243d3-1ff7-4df6-a5a7-1db95a73717e",
                "objectUri": "/folders/folders/@root/**",
                "permissions": "update,read,add",
                "principalType": "authenticatedUsers",
                "type": "GRANT"
            },
            "remoteAddress": "10.71.70.8",
            "state": "success",
            "timeStamp": "2020-10-20T22:22:07.362Z",
            "type": "security",
            "user": "sas.folders",
            "version": 2
        },
        {
            "action": "update",
            "application": "authorization",
            "description": "Authorization rule access",
            "httpContext": {},
            "id": "09fdd5c1-f31f-421b-8167-85bffd91e604",
            "links": [
                {
                    "href": "/audit/entries/09fdd5c1-f31f-421b-8167-85bffd91e604",
                    "method": "GET",
                    "rel": "self",
                    "type": "application/vnd.sas.audit.entry.security",
                    "uri": "/audit/entries/09fdd5c1-f31f-421b-8167-85bffd91e604"
                }
            ],
            "properties": {
                "id": "6e84d174-b84c-4d4d-9675-df820c2342c1",
                "objectUri": "/templates/**",
                "permissions": "update,read,create,delete",
                "principal": "Administrators",
                "principalType": "group",
                "type": "GRANT"
            },
            "remoteAddress": "10.71.70.8",
            "state": "success",
            "timeStamp": "2020-10-20T22:24:32.799Z",
            "type": "security",
            "user": "sas.templates",
            "version": 2
        },
        {
            "action": "delete",
            "application": "authorization",
            "description": "Authorization rule access",
            "httpContext": {},
            "id": "0bcb07f8-5d23-4800-8951-ddc62a18a3f7",
            "links": [
                {
                    "href": "/audit/entries/0bcb07f8-5d23-4800-8951-ddc62a18a3f7",
                    "method": "GET",
                    "rel": "self",
                    "type": "application/vnd.sas.audit.entry.security",
                    "uri": "/audit/entries/0bcb07f8-5d23-4800-8951-ddc62a18a3f7"
                }
            ],
            "properties": {
                "id": "6e84d174-b84c-4d4d-9675-df820c2342c1"
            },
            "remoteAddress": "10.71.70.8",
            "state": "success",
            "timeStamp": "2020-10-20T22:24:33.364Z",
            "type": "security",
            "user": "sas.templates",
            "version": 2
        },
        {
            "action": "read",
            "application": "authorization",
            "description": "Authorization rule access",
            "httpContext": {},
            "id": "b46a2548-0e12-43c6-954c-28f9b576d432",
            "links": [
                {
                    "href": "/audit/entries/b46a2548-0e12-43c6-954c-28f9b576d432",
                    "method": "GET",
                    "rel": "self",
                    "type": "application/vnd.sas.audit.entry.security",
                    "uri": "/audit/entries/b46a2548-0e12-43c6-954c-28f9b576d432"
                }
            ],
            "properties": {
                "errorCode": "12600",
                "errorMessage": "Test operation failed for rule bb75d7e3-d9f1-40f7-bb56-6b6da3fef8a5. ObjectUri does not match existing rule."
            },
            "remoteAddress": "10.71.70.8",
            "state": "failure",
            "timeStamp": "2020-10-20T22:24:37.692Z",
            "type": "security",
            "user": "sas.jobExecution",
            "version": 2
        },
        {
            "action": "update",
            "application": "authorization",
            "description": "Authorization rule access",
            "httpContext": {},
            "id": "45e7a723-2254-4538-9c46-e3ac6eb9037e",
            "links": [
                {
                    "href": "/audit/entries/45e7a723-2254-4538-9c46-e3ac6eb9037e",
                    "method": "GET",
                    "rel": "self",
                    "type": "application/vnd.sas.audit.entry.security",
                    "uri": "/audit/entries/45e7a723-2254-4538-9c46-e3ac6eb9037e"
                }
            ],
            "properties": {
                "id": "0065cdfe-45e8-4caf-a4c3-c15bda8223d0",
                "objectUri": "/notifications/notifications/*/**",
                "permissions": "update,read,delete",
                "principalType": "authenticatedUsers",
                "type": "GRANT"
            },
            "remoteAddress": "10.71.70.8",
            "state": "success",
            "timeStamp": "2020-10-20T22:24:45.392Z",
            "type": "security",
            "user": "sas.notifications",
            "version": 2
        },
        {
            "action": "delete",
            "application": "authorization",
            "description": "Authorization rule access",
            "httpContext": {},
            "id": "d0f44294-5b6e-4d90-9eb5-f1c6edc1cc4b",
            "links": [
                {
                    "href": "/audit/entries/d0f44294-5b6e-4d90-9eb5-f1c6edc1cc4b",
                    "method": "GET",
                    "rel": "self",
                    "type": "application/vnd.sas.audit.entry.security",
                    "uri": "/audit/entries/d0f44294-5b6e-4d90-9eb5-f1c6edc1cc4b"
                }
            ],
            "properties": {
                "id": "efde549f-a6e1-4c44-8852-2cd8d71a817e"
            },
            "remoteAddress": "10.71.70.8",
            "state": "success",
            "timeStamp": "2020-10-20T22:25:17.112Z",
            "type": "security",
            "user": "sas.reportTemplates",
            "version": 2
        },
        {
            "action": "read",
            "application": "authorization",
            "description": "Authorization rule access",
            "httpContext": {},
            "id": "89594fb3-1fb0-40a2-b21f-e7cf0eb70fd6",
            "links": [
                {
                    "href": "/audit/entries/89594fb3-1fb0-40a2-b21f-e7cf0eb70fd6",
                    "method": "GET",
                    "rel": "self",
                    "type": "application/vnd.sas.audit.entry.security",
                    "uri": "/audit/entries/89594fb3-1fb0-40a2-b21f-e7cf0eb70fd6"
                }
            ],
            "properties": {
                "errorCode": "12600",
                "errorMessage": "Invalid 'test' operation. A valid ID must be specified in the path or representation."
            },
            "remoteAddress": "10.71.70.8",
            "state": "failure",
            "timeStamp": "2020-10-20T22:25:17.172Z",
            "type": "security",
            "user": "sas.reportTemplates",
            "version": 2
        },
        {
            "action": "read",
            "application": "authorization",
            "description": "Authorization rule access",
            "httpContext": {},
            "id": "951841b8-db06-4791-bd93-2de5dafca67d",
            "links": [
                {
                    "href": "/audit/entries/951841b8-db06-4791-bd93-2de5dafca67d",
                    "method": "GET",
                    "rel": "self",
                    "type": "application/vnd.sas.audit.entry.security",
                    "uri": "/audit/entries/951841b8-db06-4791-bd93-2de5dafca67d"
                }
            ],
            "properties": {
                "errorCode": "12600",
                "errorMessage": "Invalid 'test' operation. A valid ID must be specified in the path or representation."
            },
            "remoteAddress": "10.71.70.8",
            "state": "failure",
            "timeStamp": "2020-10-20T22:25:17.263Z",
            "type": "security",
            "user": "sas.reportTemplates",
            "version": 2
        },
        {
            "action": "read",
            "application": "authorization",
            "description": "Authorization rule access",
            "httpContext": {},
            "id": "bf2b3476-e556-4d68-855e-7f28ce3465d4",
            "links": [
                {
                    "href": "/audit/entries/bf2b3476-e556-4d68-855e-7f28ce3465d4",
                    "method": "GET",
                    "rel": "self",
                    "type": "application/vnd.sas.audit.entry.security",
                    "uri": "/audit/entries/bf2b3476-e556-4d68-855e-7f28ce3465d4"
                }
            ],
            "properties": {
                "errorCode": "12600",
                "errorMessage": "Invalid 'test' operation. A valid ID must be specified in the path or representation."
            },
            "remoteAddress": "10.71.70.8",
            "state": "failure",
            "timeStamp": "2020-10-20T22:25:17.346Z",
            "type": "security",
            "user": "sas.reportTemplates",
            "version": 2
        },
        {
            "action": "read",
            "application": "authorization",
            "description": "Authorization rule access",
            "httpContext": {},
            "id": "a4a7f2b2-a191-4210-8e05-fd37203b28b1",
            "links": [
                {
                    "href": "/audit/entries/a4a7f2b2-a191-4210-8e05-fd37203b28b1",
                    "method": "GET",
                    "rel": "self",
                    "type": "application/vnd.sas.audit.entry.security",
                    "uri": "/audit/entries/a4a7f2b2-a191-4210-8e05-fd37203b28b1"
                }
            ],
            "properties": {
                "errorCode": "12600",
                "errorMessage": "Invalid 'test' operation. A valid ID must be specified in the path or representation."
            },
            "remoteAddress": "10.71.70.8",
            "state": "failure",
            "timeStamp": "2020-10-20T22:25:32.047Z",
            "type": "security",
            "user": "sas.reportAlerts",
            "version": 2
        },
        {
            "action": "update",
            "application": "authorization",
            "description": "Authorization rule access",
            "httpContext": {},
            "id": "71931d98-e84f-4ead-a177-8561085ca058",
            "links": [
                {
                    "href": "/audit/entries/71931d98-e84f-4ead-a177-8561085ca058",
                    "method": "GET",
                    "rel": "self",
                    "type": "application/vnd.sas.audit.entry.security",
                    "uri": "/audit/entries/71931d98-e84f-4ead-a177-8561085ca058"
                }
            ],
            "properties": {
                "id": "efde549f-a6e1-4c44-8852-2cd8d71a817e",
                "objectUri": "/reportAlerts/**",
                "permissions": "update,remove,read,create,add,delete,secure",
                "principalType": "authenticatedUsers",
                "type": "GRANT"
            },
            "remoteAddress": "10.71.70.8",
            "state": "success",
            "timeStamp": "2020-10-20T22:25:45.887Z",
            "type": "security",
            "user": "sas.reportImages",
            "version": 2
        },
        {
            "action": "read",
            "application": "authorization",
            "description": "Authorization rule access",
            "httpContext": {},
            "id": "83335313-c694-42c7-8128-e223ca6ceb4a",
            "links": [
                {
                    "href": "/audit/entries/83335313-c694-42c7-8128-e223ca6ceb4a",
                    "method": "GET",
                    "rel": "self",
                    "type": "application/vnd.sas.audit.entry.security",
                    "uri": "/audit/entries/83335313-c694-42c7-8128-e223ca6ceb4a"
                }
            ],
            "properties": {
                "errorCode": "12600",
                "errorMessage": "Invalid 'test' operation. A valid ID must be specified in the path or representation."
            },
            "remoteAddress": "10.71.70.8",
            "state": "failure",
            "timeStamp": "2020-10-20T22:26:04.423Z",
            "type": "security",
            "user": "sas.reportTransforms",
            "version": 2
        },
        {
            "action": "update",
            "application": "authorization",
            "description": "Authorization rule access",
            "httpContext": {},
            "id": "642a85fb-d857-453e-8a1a-f4863720a1d8",
            "links": [
                {
                    "href": "/audit/entries/642a85fb-d857-453e-8a1a-f4863720a1d8",
                    "method": "GET",
                    "rel": "self",
                    "type": "application/vnd.sas.audit.entry.security",
                    "uri": "/audit/entries/642a85fb-d857-453e-8a1a-f4863720a1d8"
                }
            ],
            "properties": {
                "id": "6a61e96f-beac-4503-b349-1a3b1f6a14c6",
                "objectUri": "/notifications/subscriptions/*/**",
                "permissions": "update,read,delete",
                "principalType": "authenticatedUsers",
                "type": "GRANT"
            },
            "remoteAddress": "10.71.70.8",
            "state": "success",
            "timeStamp": "2020-10-20T22:24:45.413Z",
            "type": "security",
            "user": "sas.notifications",
            "version": 2
        },
        {
            "action": "read",
            "application": "authorization",
            "description": "Authorization rule access",
            "httpContext": {},
            "id": "271ebc25-ddfc-40e6-b341-7850e0ecd3b4",
            "links": [
                {
                    "href": "/audit/entries/271ebc25-ddfc-40e6-b341-7850e0ecd3b4",
                    "method": "GET",
                    "rel": "self",
                    "type": "application/vnd.sas.audit.entry.security",
                    "uri": "/audit/entries/271ebc25-ddfc-40e6-b341-7850e0ecd3b4"
                }
            ],
            "properties": {
                "errorCode": "12600",
                "errorMessage": "Test operation failed for rule 8c392ef7-0d16-4e94-b201-70c69f5511db. Permissions do not match existing rule."
            },
            "remoteAddress": "10.71.70.8",
            "state": "failure",
            "timeStamp": "2020-10-20T22:25:05.133Z",
            "type": "security",
            "user": "sas.deploymentBackup",
            "version": 2
        },
        {
            "action": "read",
            "application": "authorization",
            "description": "Authorization rule access",
            "httpContext": {},
            "id": "6d39b1ea-a961-4986-9901-b23b6a83788d",
            "links": [
                {
                    "href": "/audit/entries/6d39b1ea-a961-4986-9901-b23b6a83788d",
                    "method": "GET",
                    "rel": "self",
                    "type": "application/vnd.sas.audit.entry.security",
                    "uri": "/audit/entries/6d39b1ea-a961-4986-9901-b23b6a83788d"
                }
            ],
            "properties": {
                "errorCode": "12600",
                "errorMessage": "Test operation failed for rule 798c2559-334b-4c97-bf19-54c960d2d0d4. ObjectUri does not match existing rule."
            },
            "remoteAddress": "10.71.70.8",
            "state": "failure",
            "timeStamp": "2020-10-20T22:25:05.226Z",
            "type": "security",
            "user": "sas.reportRenderer",
            "version": 2
        },
        {
            "action": "read",
            "application": "authorization",
            "description": "Authorization rule access",
            "httpContext": {},
            "id": "ed94ebe5-4a6c-4173-b7c6-8e2545ed9b5d",
            "links": [
                {
                    "href": "/audit/entries/ed94ebe5-4a6c-4173-b7c6-8e2545ed9b5d",
                    "method": "GET",
                    "rel": "self",
                    "type": "application/vnd.sas.audit.entry.security",
                    "uri": "/audit/entries/ed94ebe5-4a6c-4173-b7c6-8e2545ed9b5d"
                }
            ],
            "properties": {
                "errorCode": "12600",
                "errorMessage": "Invalid 'test' operation. A valid ID must be specified in the path or representation."
            },
            "remoteAddress": "10.71.70.8",
            "state": "failure",
            "timeStamp": "2020-10-20T22:25:06.216Z",
            "type": "security",
            "user": "sas.reports",
            "version": 2
        },
        {
            "action": "create",
            "application": "authorization",
            "description": "Authorization rule access",
            "httpContext": {},
            "id": "2b7b1e79-4428-4498-b6d8-a7db02e86c26",
            "links": [
                {
                    "href": "/audit/entries/2b7b1e79-4428-4498-b6d8-a7db02e86c26",
                    "method": "GET",
                    "rel": "self",
                    "type": "application/vnd.sas.audit.entry.security",
                    "uri": "/audit/entries/2b7b1e79-4428-4498-b6d8-a7db02e86c26"
                }
            ],
            "properties": {
                "containerUri": "/folders/folders/8c2877bb-147d-45b3-a8ab-76ab01827e3f",
                "errorCode": "1177",
                "errorMessage": "The authorizationRule was not valid.",
                "objectUri": "/folders/folders/8c2877bb-147d-45b3-a8ab-76ab01827e3f/**",
                "permissions": "update,remove,read,add,delete",
                "principal": "ApplicationAdministrators",
                "principalType": "group",
                "type": "GRANT"
            },
            "remoteAddress": "10.71.70.8",
            "state": "failure",
            "timeStamp": "2020-10-20T22:25:07.378Z",
            "type": "security",
            "user": "sas.themes",
            "version": 2
        },
        {
            "action": "read",
            "application": "authorization",
            "description": "Authorization rule access",
            "httpContext": {},
            "id": "f06c29a2-02ff-44bd-9531-390ddb43a891",
            "links": [
                {
                    "href": "/audit/entries/f06c29a2-02ff-44bd-9531-390ddb43a891",
                    "method": "GET",
                    "rel": "self",
                    "type": "application/vnd.sas.audit.entry.security",
                    "uri": "/audit/entries/f06c29a2-02ff-44bd-9531-390ddb43a891"
                }
            ],
            "properties": {
                "errorCode": "12600",
                "errorMessage": "Invalid 'test' operation. A valid ID must be specified in the path or representation."
            },
            "remoteAddress": "10.71.70.8",
            "state": "failure",
            "timeStamp": "2020-10-20T22:25:17.431Z",
            "type": "security",
            "user": "sas.reportTemplates",
            "version": 2
        },
        {
            "action": "read",
            "application": "authorization",
            "description": "Authorization rule access",
            "httpContext": {},
            "id": "e69bd6db-f162-4afa-8db8-6ecd080894f2",
            "links": [
                {
                    "href": "/audit/entries/e69bd6db-f162-4afa-8db8-6ecd080894f2",
                    "method": "GET",
                    "rel": "self",
                    "type": "application/vnd.sas.audit.entry.security",
                    "uri": "/audit/entries/e69bd6db-f162-4afa-8db8-6ecd080894f2"
                }
            ],
            "properties": {
                "errorCode": "12600",
                "errorMessage": "Invalid 'test' operation. A valid ID must be specified in the path or representation."
            },
            "remoteAddress": "10.71.70.8",
            "state": "failure",
            "timeStamp": "2020-10-20T22:25:17.520Z",
            "type": "security",
            "user": "sas.reportTemplates",
            "version": 2
        },
        {
            "action": "update",
            "application": "authorization",
            "description": "Authorization rule access",
            "httpContext": {},
            "id": "dd9b5a68-e2d6-4f1b-b44f-862b6af7d9ad",
            "links": [
                {
                    "href": "/audit/entries/dd9b5a68-e2d6-4f1b-b44f-862b6af7d9ad",
                    "method": "GET",
                    "rel": "self",
                    "type": "application/vnd.sas.audit.entry.security",
                    "uri": "/audit/entries/dd9b5a68-e2d6-4f1b-b44f-862b6af7d9ad"
                }
            ],
            "properties": {
                "id": "efde549f-a6e1-4c44-8852-2cd8d71a817e",
                "objectUri": "/reportAlerts/**",
                "permissions": "update,remove,read,create,add,delete,secure",
                "principalType": "authenticatedUsers",
                "type": "GRANT"
            },
            "remoteAddress": "10.71.70.8",
            "state": "success",
            "timeStamp": "2020-10-20T22:25:31.687Z",
            "type": "security",
            "user": "sas.reportAlerts",
            "version": 2
        },
        {
            "action": "delete",
            "application": "authorization",
            "description": "Authorization rule access",
            "httpContext": {},
            "id": "072e134e-f95e-44b6-b6fc-1c3ba60c53f1",
            "links": [
                {
                    "href": "/audit/entries/072e134e-f95e-44b6-b6fc-1c3ba60c53f1",
                    "method": "GET",
                    "rel": "self",
                    "type": "application/vnd.sas.audit.entry.security",
                    "uri": "/audit/entries/072e134e-f95e-44b6-b6fc-1c3ba60c53f1"
                }
            ],
            "properties": {
                "id": "efde549f-a6e1-4c44-8852-2cd8d71a817e"
            },
            "remoteAddress": "10.71.70.8",
            "state": "success",
            "timeStamp": "2020-10-20T22:25:31.782Z",
            "type": "security",
            "user": "sas.reportAlerts",
            "version": 2
        },
        {
            "action": "read",
            "application": "authorization",
            "description": "Authorization rule access",
            "httpContext": {},
            "id": "d50c31c6-051c-408e-942c-09ab258b6c0d",
            "links": [
                {
                    "href": "/audit/entries/d50c31c6-051c-408e-942c-09ab258b6c0d",
                    "method": "GET",
                    "rel": "self",
                    "type": "application/vnd.sas.audit.entry.security",
                    "uri": "/audit/entries/d50c31c6-051c-408e-942c-09ab258b6c0d"
                }
            ],
            "properties": {
                "errorCode": "12600",
                "errorMessage": "Invalid 'test' operation. A valid ID must be specified in the path or representation."
            },
            "remoteAddress": "10.71.70.8",
            "state": "failure",
            "timeStamp": "2020-10-20T22:25:31.832Z",
            "type": "security",
            "user": "sas.reportAlerts",
            "version": 2
        },
        {
            "action": "read",
            "application": "authorization",
            "description": "Authorization rule access",
            "httpContext": {},
            "id": "bd6b8b4f-b160-4f44-9261-0f25179e337b",
            "links": [
                {
                    "href": "/audit/entries/bd6b8b4f-b160-4f44-9261-0f25179e337b",
                    "method": "GET",
                    "rel": "self",
                    "type": "application/vnd.sas.audit.entry.security",
                    "uri": "/audit/entries/bd6b8b4f-b160-4f44-9261-0f25179e337b"
                }
            ],
            "properties": {
                "errorCode": "12600",
                "errorMessage": "Invalid 'test' operation. A valid ID must be specified in the path or representation."
            },
            "remoteAddress": "10.71.70.8",
            "state": "failure",
            "timeStamp": "2020-10-20T22:25:31.870Z",
            "type": "security",
            "user": "sas.reportAlerts",
            "version": 2
        },
        {
            "action": "read",
            "application": "authorization",
            "description": "Authorization rule access",
            "httpContext": {},
            "id": "6e2d2111-3f91-47b7-bad6-26f78a670ccd",
            "links": [
                {
                    "href": "/audit/entries/6e2d2111-3f91-47b7-bad6-26f78a670ccd",
                    "method": "GET",
                    "rel": "self",
                    "type": "application/vnd.sas.audit.entry.security",
                    "uri": "/audit/entries/6e2d2111-3f91-47b7-bad6-26f78a670ccd"
                }
            ],
            "properties": {
                "errorCode": "12600",
                "errorMessage": "Invalid 'test' operation. A valid ID must be specified in the path or representation."
            },
            "remoteAddress": "10.71.70.8",
            "state": "failure",
            "timeStamp": "2020-10-20T22:25:31.923Z",
            "type": "security",
            "user": "sas.reportAlerts",
            "version": 2
        },
        {
            "action": "read",
            "application": "authorization",
            "description": "Authorization rule access",
            "httpContext": {},
            "id": "4f5f8b94-7844-4326-bd65-51cf43e2d381",
            "links": [
                {
                    "href": "/audit/entries/4f5f8b94-7844-4326-bd65-51cf43e2d381",
                    "method": "GET",
                    "rel": "self",
                    "type": "application/vnd.sas.audit.entry.security",
                    "uri": "/audit/entries/4f5f8b94-7844-4326-bd65-51cf43e2d381"
                }
            ],
            "properties": {
                "errorCode": "12600",
                "errorMessage": "Invalid 'test' operation. A valid ID must be specified in the path or representation."
            },
            "remoteAddress": "10.71.70.8",
            "state": "failure",
            "timeStamp": "2020-10-20T22:25:31.955Z",
            "type": "security",
            "user": "sas.reportAlerts",
            "version": 2
        },
        {
            "action": "delete",
            "application": "authorization",
            "description": "Authorization rule access",
            "httpContext": {},
            "id": "8c7d207b-9c28-4313-9bb4-4f148d201249",
            "links": [
                {
                    "href": "/audit/entries/8c7d207b-9c28-4313-9bb4-4f148d201249",
                    "method": "GET",
                    "rel": "self",
                    "type": "application/vnd.sas.audit.entry.security",
                    "uri": "/audit/entries/8c7d207b-9c28-4313-9bb4-4f148d201249"
                }
            ],
            "properties": {
                "id": "efde549f-a6e1-4c44-8852-2cd8d71a817e"
            },
            "remoteAddress": "10.71.70.8",
            "state": "success",
            "timeStamp": "2020-10-20T22:25:45.995Z",
            "type": "security",
            "user": "sas.reportImages",
            "version": 2
        },
        {
            "action": "read",
            "application": "authorization",
            "description": "Authorization rule access",
            "httpContext": {},
            "id": "249c253f-b9e6-43fd-9f41-48033b231c05",
            "links": [
                {
                    "href": "/audit/entries/249c253f-b9e6-43fd-9f41-48033b231c05",
                    "method": "GET",
                    "rel": "self",
                    "type": "application/vnd.sas.audit.entry.security",
                    "uri": "/audit/entries/249c253f-b9e6-43fd-9f41-48033b231c05"
                }
            ],
            "properties": {
                "errorCode": "12600",
                "errorMessage": "Invalid 'test' operation. A valid ID must be specified in the path or representation."
            },
            "remoteAddress": "10.71.70.8",
            "state": "failure",
            "timeStamp": "2020-10-20T22:25:46.059Z",
            "type": "security",
            "user": "sas.reportImages",
            "version": 2
        },
        {
            "action": "read",
            "application": "authorization",
            "description": "Authorization rule access",
            "httpContext": {},
            "id": "304a69a1-15f2-48df-a2ef-7b14e7cdae9e",
            "links": [
                {
                    "href": "/audit/entries/304a69a1-15f2-48df-a2ef-7b14e7cdae9e",
                    "method": "GET",
                    "rel": "self",
                    "type": "application/vnd.sas.audit.entry.security",
                    "uri": "/audit/entries/304a69a1-15f2-48df-a2ef-7b14e7cdae9e"
                }
            ],
            "properties": {
                "errorCode": "12600",
                "errorMessage": "Invalid 'test' operation. A valid ID must be specified in the path or representation."
            },
            "remoteAddress": "10.71.70.8",
            "state": "failure",
            "timeStamp": "2020-10-20T22:25:46.092Z",
            "type": "security",
            "user": "sas.reportImages",
            "version": 2
        },
        {
            "action": "read",
            "application": "authorization",
            "description": "Authorization rule access",
            "httpContext": {},
            "id": "481742f8-675e-4a37-b919-2cc1303bf0e8",
            "links": [
                {
                    "href": "/audit/entries/481742f8-675e-4a37-b919-2cc1303bf0e8",
                    "method": "GET",
                    "rel": "self",
                    "type": "application/vnd.sas.audit.entry.security",
                    "uri": "/audit/entries/481742f8-675e-4a37-b919-2cc1303bf0e8"
                }
            ],
            "properties": {
                "errorCode": "12600",
                "errorMessage": "Invalid 'test' operation. A valid ID must be specified in the path or representation."
            },
            "remoteAddress": "10.71.70.8",
            "state": "failure",
            "timeStamp": "2020-10-20T22:25:46.146Z",
            "type": "security",
            "user": "sas.reportImages",
            "version": 2
        }
    ],
    "limit": 50,
    "links": [
        {
            "href": "/audit/entries",
            "method": "GET",
            "rel": "collection",
            "type": "application/vnd.sas.collection",
            "uri": "/audit/entries"
        },
        {
            "href": "/audit/entries?filter=and(not(eq(user,%20'sas.ops-agentsrv')),%20gt(timeStamp,%20'2020-10-20'))\u0026start=50\u0026limit=50",
            "method": "GET",
            "rel": "next",
            "type": "application/vnd.sas.collection",
            "uri": "/audit/entries?filter=and(not(eq(user,%20'sas.ops-agentsrv')),%20gt(timeStamp,%20'2020-10-20'))\u0026start=50\u0026limit=50"
        },
        {
            "href": "/audit/entries?filter=and(not(eq(user,%20'sas.ops-agentsrv')),%20gt(timeStamp,%20'2020-10-20'))\u0026start=0\u0026limit=50",
            "method": "GET",
            "rel": "self",
            "type": "application/vnd.sas.collection",
            "uri": "/audit/entries?filter=and(not(eq(user,%20'sas.ops-agentsrv')),%20gt(timeStamp,%20'2020-10-20'))\u0026start=0\u0026limit=50"
        }
    ],
    "name": "entries",
    "start": 0,
    "version": 2
}
