"USER","ACTION","APPLICATION","STATE","TIMESTAMP"
"ankit.darji","SessionDestroyed","SASLogon","success","2020-11-12T00:24:17.451Z"
"parvinder.singh","login","SASLogon","success","2020-11-12T01:01:10.606Z"
"stewart.boiteux","login","SASLogon","success","2020-11-12T01:17:46.188Z"
"parvinder.singh","login","SASLogon","success","2020-11-06T01:01:19.898Z"
"sas.identities","update","authorization","success","2020-11-08T22:03:07.995Z"
"sas.identities","update","authorization","success","2020-11-12T23:28:11.017Z"
"sas.templates","update","authorization","success","2020-11-12T23:30:38.731Z"
"sas.templates","delete","authorization","success","2020-11-12T23:30:39.164Z"
"sas.jobExecution","read","authorization","failure","2020-11-12T23:30:44.881Z"
"sas.notifications","update","authorization","success","2020-11-12T23:30:50.321Z"
"sas.reportTemplates","delete","authorization","success","2020-11-12T23:31:21.282Z"
"sas.reportTemplates","read","authorization","failure","2020-11-12T23:31:21.324Z"
"sas.reportAlerts","delete","authorization","success","2020-11-12T23:31:36.118Z"
"sas.reportImages","read","authorization","failure","2020-11-12T23:31:50.964Z"
"sas.reportImages","read","authorization","failure","2020-11-12T23:31:51.005Z"
"sas.reportImages","read","authorization","failure","2020-11-12T23:31:51.046Z"
"sas.reportImages","read","authorization","failure","2020-11-12T23:31:51.100Z"
"sas.notifications","update","authorization","success","2020-11-08T22:06:11.572Z"
"sas.notifications","update","authorization","success","2020-11-08T22:06:11.598Z"
"sas.deploymentBackup","read","authorization","failure","2020-11-08T22:06:32.094Z"
"sas.reports","read","authorization","failure","2020-11-08T22:06:33.005Z"
"sas.reports","read","authorization","failure","2020-11-08T22:06:33.108Z"
"sas.reportRenderer","read","authorization","failure","2020-11-08T22:06:33.177Z"
"sas.reports","read","authorization","failure","2020-11-08T22:06:33.222Z"
"sas.reports","read","authorization","failure","2020-11-08T22:06:33.290Z"
"sas.reportTemplates","update","authorization","success","2020-11-08T22:06:42.084Z"
"sas.reportTemplates","delete","authorization","success","2020-11-08T22:06:42.217Z"
"sas.reportTemplates","read","authorization","failure","2020-11-08T22:06:42.258Z"
"sas.reportTemplates","read","authorization","failure","2020-11-08T22:06:42.313Z"
"sas.reportTemplates","read","authorization","failure","2020-11-08T22:06:42.352Z"
"sas.reportTemplates","read","authorization","failure","2020-11-08T22:06:42.414Z"
"sas.reportTemplates","read","authorization","failure","2020-11-08T22:06:42.457Z"
"sas.reportAlerts","delete","authorization","success","2020-11-08T22:06:55.020Z"
"sas.reportAlerts","read","authorization","failure","2020-11-08T22:06:55.065Z"
"sas.reportAlerts","read","authorization","failure","2020-11-08T22:06:55.124Z"
"sas.reportAlerts","read","authorization","failure","2020-11-08T22:06:55.159Z"
"stewart.boiteux","login","SASLogon","success","2020-11-10T00:32:32.036Z"
"ankit.darji","login","SASLogon","success","2020-11-12T04:03:15.469Z"
"sas.folders","update","authorization","success","2020-11-12T23:28:22.316Z"
"sas.notifications","update","authorization","success","2020-11-12T23:30:50.348Z"
"sas.deploymentBackup","read","authorization","failure","2020-11-12T23:31:03.718Z"
"sas.reports","update","authorization","success","2020-11-12T23:31:11.800Z"
"sas.reports","read","authorization","failure","2020-11-12T23:31:12.154Z"
"sas.reports","read","authorization","failure","2020-11-12T23:31:12.222Z"
"stewart.boiteux","login","SASLogon","success","2020-11-06T03:20:34.111Z"
"sas.folders","update","authorization","success","2020-11-08T22:03:32.680Z"
"sas.templates","update","authorization","success","2020-11-08T22:06:02.189Z"
"sas.templates","delete","authorization","success","2020-11-08T22:06:02.721Z"
"sas.jobExecution","read","authorization","failure","2020-11-08T22:06:06.225Z"
"sas.notifications","update","authorization","success","2020-11-08T22:06:11.555Z"
